"Country","Region","Organisation","Activity","Pcode","Org type"
"Liberia","Bomi","Action Contre la Faim","WASH in Community","LBR01","International NGO"
"Liberia","Bomi","Action Contre la Faim","WASH in Community","LBR01","International NGO"
"Liberia","Bomi","Action Contre la Faim","WASH in Community","LBR01","International NGO"
"Liberia","Bomi","Action Contre la Faim","WASH in Community","LBR01","International NGO"
"Liberia","Bomi","Action Contre la Faim","WASH in Health Facilities","LBR01","International NGO"
"Liberia","Bomi","Action Contre la Faim","WASH in Health Facilities","LBR01","International NGO"
"Liberia","Bomi","Action Contre la Faim","WASH in Health Facilities","LBR01","International NGO"
"Liberia","Bomi","Action Contre la Faim","WASH in Health Facilities","LBR01","International NGO"
"Liberia","Bomi","Action Contre la Faim","WASH in School","LBR01","International NGO"
"Liberia","Bomi","Action Contre la Faim","WASH in School","LBR01","International NGO"
"Liberia","Bomi","Living Water International","WASH in Health Facilities","LBR01","International NGO"
"Liberia","Bomi","PLAN","WASH in Community","LBR01","International NGO"
"Liberia","Bomi","PLAN","WASH in Community","LBR01","International NGO"
"Liberia","Bomi","PLAN","WASH in Community","LBR01","International NGO"
"Liberia","Bomi","YC","WASH in Community","LBR01","International NGO"
"Liberia","Bomi","ZOA","WASH in Community","LBR01","International NGO"
"Liberia","Bomi","ZOA","WASH in Community","LBR01","International NGO"
"Liberia","Bong","Living Water International","WASH in Health Facilities","LBR02","International NGO"
"Liberia","Bong","PLAN","WASH in Health Facilities","LBR02","International NGO"
"Liberia","Bong","PLAN","WASH in School","LBR02","International NGO"
"Liberia","Bong","Save the Children","WASH in Health Facilities","LBR02","International NGO"
"Liberia","Bong","Save the Children","WASH in School","LBR02","International NGO"
"Liberia","Bong","Save the Children","WASH in School","LBR02","International NGO"
"Liberia","Bong","UNICEF","WASH in Community","LBR02","UN Agencies"
"Liberia","Bong","UNICEF","WASH in Community","LBR02","UN Agencies"
"Liberia","Bong","UNICEF","WASH in Community","LBR02","UN Agencies"
"Liberia","Bong","UNICEF","WASH in Community","LBR02","UN Agencies"
"Liberia","Bong","UNICEF","WASH in Community","LBR02","UN Agencies"
"Liberia","Bong","UNICEF","WASH in Health Facilities","LBR02","UN Agencies"
"Liberia","Bong","UNICEF","WASH in Health Facilities","LBR02","UN Agencies"
"Liberia","Bong","UNICEF","WASH in Health Facilities","LBR02","UN Agencies"
"Liberia","Bong","UNICEF","WASH in Health Facilities","LBR02","UN Agencies"
"Liberia","Bong","UNICEF","WASH in School","LBR02","UN Agencies"
"Liberia","Bong","UNICEF","WASH in School","LBR02","UN Agencies"
"Liberia","Bong","UNICEF","WASH in School","LBR02","UN Agencies"
"Liberia","Bong","UNICEF","WASH in School","LBR02","UN Agencies"
"Liberia","Bong","UNICEF","WASH in School","LBR02","UN Agencies"
"Liberia","Bong","ZOA","WASH in Community","LBR02","International NGO"
"Liberia","Bong","ZOA","WASH in Community","LBR02","International NGO"
"Liberia","Bong","ZOA","WASH in Community","LBR02","International NGO"
"Liberia","Bong","ZOA","WASH in Health Facilities","LBR02","International NGO"
"Liberia","Bong","ZOA","WASH in School","LBR02","International NGO"
"Liberia","Gbarpolu","Concern Aid International","WASH in Community","LBR03","International NGO"
"Liberia","Grand Bassa","Concern Worldwide","WASH in Community","LBR04","International NGO"
"Liberia","Grand Bassa","Concern Worldwide","WASH in Community","LBR04","International NGO"
"Liberia","Grand Bassa","Concern Worldwide","WASH in Community","LBR04","International NGO"
"Liberia","Grand Bassa","Concern Worldwide","WASH in Health Facilities","LBR04","International NGO"
"Liberia","Grand Bassa","Concern Worldwide","WASH in Health Facilities","LBR04","International NGO"
"Liberia","Grand Bassa","Concern Worldwide","WASH in Health Facilities","LBR04","International NGO"
"Liberia","Grand Bassa","Concern Worldwide","WASH in School","LBR04","International NGO"
"Liberia","Grand Bassa","Concern Worldwide","WASH in School","LBR04","International NGO"
"Liberia","Grand Bassa","Concern Worldwide","WASH in School","LBR04","International NGO"
"Liberia","Grand Bassa","Concern Worldwide","WASH in School","LBR04","International NGO"
"Liberia","Grand Bassa","Concern Worldwide","WASH in School","LBR04","International NGO"
"Liberia","Grand Bassa","Concern Worldwide","WASH in School","LBR04","International NGO"
"Liberia","Grand Bassa","YC","WASH in School","LBR04","International NGO"
"Liberia","Grand Cape Mount","Water Aid","WASH in Community","LBR05","International NGO"
"Liberia","Grand Cape Mount","Water Aid","WASH in Community","LBR05","International NGO"
"Liberia","Grand Cape Mount","Water Aid","WASH in School","LBR05","International NGO"
"Liberia","Grand Cape Mount","Water Aid","WASH in School","LBR05","International NGO"
"Liberia","Grand Cape Mount","Action Contre la Faim","WASH in Community","LBR05","International NGO"
"Liberia","Grand Cape Mount","Action Contre la Faim","WASH in Community","LBR05","International NGO"
"Liberia","Grand Cape Mount","Action Contre la Faim","WASH in Community","LBR05","International NGO"
"Liberia","Grand Cape Mount","Action Contre la Faim","WASH in Community","LBR05","International NGO"
"Liberia","Grand Cape Mount","Action Contre la Faim","WASH in Community","LBR05","International NGO"
"Liberia","Grand Cape Mount","Action Contre la Faim","WASH in Health Facilities","LBR05","International NGO"
"Liberia","Grand Cape Mount","Action Contre la Faim","WASH in Health Facilities","LBR05","International NGO"
"Liberia","Grand Cape Mount","Action Contre la Faim","WASH in Health Facilities","LBR05","International NGO"
"Liberia","Grand Cape Mount","Action Contre la Faim","WASH in Health Facilities","LBR05","International NGO"
"Liberia","Grand Cape Mount","Action Contre la Faim","WASH in Health Facilities","LBR05","International NGO"
"Liberia","Grand Cape Mount","Action Contre la Faim","WASH in School","LBR05","International NGO"
"Liberia","Grand Cape Mount","Action Contre la Faim","WASH in School","LBR05","International NGO"
"Liberia","Grand Cape Mount","Action Contre la Faim","WASH in School","LBR05","International NGO"
"Liberia","Grand Cape Mount","Action Contre la Faim","WASH in School","LBR05","International NGO"
"Liberia","Grand Cape Mount","Living Water International","WASH in Health Facilities","LBR05","International NGO"
"Liberia","Grand Cape Mount","Living Water International","WASH in Health Facilities","LBR05","International NGO"
"Liberia","Grand Cape Mount","UNICEF","WASH in Health Facilities","LBR05","UN Agencies"
"Liberia","Grand Gedeh","OXFAM","WASH in Health Facilities","LBR06","UN Agencies"
"Liberia","Grand Gedeh","OXFAM","WASH in Community","LBR06","International NGO"
"Liberia","Grand Gedeh","OXFAM","WASH in Health Facilities","LBR06","International NGO"
"Liberia","Grand Kru","Water Aid","WASH in Community","LBR07","International NGO"
"Liberia","Grand Kru","Water Aid","WASH in Community","LBR07","International NGO"
"Liberia","Grand Kru","Water Aid","WASH in Community","LBR07","International NGO"
"Liberia","Grand Kru","Water Aid","WASH in School","LBR07","International NGO"
"Liberia","Grand Kru","Water Aid","WASH in School","LBR07","International NGO"
"Liberia","Grand Kru","UNICEF","WASH in Health Facilities","LBR07","UN Agencies"
"Liberia","Lofa","UNICEF","WASH in Health Facilities","LBR08","UN Agencies"
"Liberia","Lofa","UNICEF","WASH in Health Facilities","LBR08","UN Agencies"
"Liberia","Lofa","UNICEF","WASH in Health Facilities","LBR08","UN Agencies"
"Liberia","Lofa","UNICEF","WASH in Health Facilities","LBR08","UN Agencies"
"Liberia","Lofa","UNICEF","WASH in Health Facilities","LBR08","UN Agencies"
"Liberia","Lofa","UNICEF","WASH in Community","LBR08","UN Agencies"
"Liberia","Lofa","UNICEF","WASH in Community","LBR08","UN Agencies"
"Liberia","Lofa","UNICEF","WASH in Community","LBR08","UN Agencies"
"Liberia","Lofa","UNICEF","WASH in Community","LBR08","UN Agencies"
"Liberia","Lofa","UNICEF","WASH in Community","LBR08","UN Agencies"
"Liberia","Lofa","UNICEF","WASH in Community","LBR08","UN Agencies"
"Liberia","Lofa","UNICEF","WASH in School","LBR08","UN Agencies"
"Liberia","Lofa","UNICEF","WASH in School","LBR08","UN Agencies"
"Liberia","Lofa","UNICEF","WASH in School","LBR08","UN Agencies"
"Liberia","Lofa","UNICEF","WASH in School","LBR08","UN Agencies"
"Liberia","Lofa","UNICEF","WASH in School","LBR08","UN Agencies"
"Liberia","Lofa","Concern Worldwide","WASH in School","LBR08","International NGO"
"Liberia","Lofa","Concern Worldwide","WASH in School","LBR08","International NGO"
"Liberia","Lofa","Concern Worldwide","WASH in Community","LBR08","International NGO"
"Liberia","Lofa","Concern Worldwide","WASH in Community","LBR08","International NGO"
"Liberia","Lofa","Global Communities","WASH in Community","LBR08","International NGO"
"Liberia","Lofa","Global Communities","WASH in Community","LBR08","International NGO"
"Liberia","Lofa","Global Communities","WASH in Health Facilities","LBR08","International NGO"
"Liberia","Lofa","Global Communities","WASH in School","LBR08","International NGO"
"Liberia","Lofa","PLAN","WASH in Community","LBR08","International NGO"
"Liberia","Lofa","SPIR","WASH in Health Facilities","LBR08","International NGO"
"Liberia","Margibi","ZOA","WASH in Community","LBR09","International NGO"
"Liberia","Margibi","ZOA","WASH in Community","LBR09","International NGO"
"Liberia","Margibi","Living Water International","WASH in Community","LBR09","International NGO"
"Liberia","Margibi","Living Water International","WASH in Health Facilities","LBR09","International NGO"
"Liberia","Margibi","Living Water International","WASH in School","LBR09","International NGO"
"Liberia","Margibi","OXFAM","WASH in Health Facilities","LBR09","International NGO"
"Liberia","Margibi","OXFAM","WASH in Health Facilities","LBR09","International NGO"
"Liberia","Margibi","Save the Children","WASH in Health Facilities","LBR09","International NGO"
"Liberia","Margibi","Save the Children","WASH in Health Facilities","LBR09","International NGO"
"Liberia","Margibi","Save the Children","WASH in Health Facilities","LBR09","International NGO"
"Liberia","Margibi","Save the Children","WASH in School","LBR09","International NGO"
"Liberia","Margibi","Save the Children","WASH in School","LBR09","International NGO"
"Liberia","Margibi","Water Aid","WASH in School","LBR09","International NGO"
"Liberia","Maryland","UNICEF","WASH in Health Facilities","LBR10","UN Agencies"
"Liberia","Montserrado","Action Contre la Faim","WASH in Community","LBR11","International NGO"
"Liberia","Montserrado","Action Contre la Faim","WASH in Community","LBR11","International NGO"
"Liberia","Montserrado","Action Contre la Faim","WASH in School","LBR11","International NGO"
"Liberia","Montserrado","Association of Evangelicals of Liberia","WASH in Community","LBR11","International NGO"
"Liberia","Montserrado","Association of Evangelicals of Liberia","WASH in Community","LBR11","International NGO"
"Liberia","Montserrado","Association of Evangelicals of Liberia","WASH in Community","LBR11","International NGO"
"Liberia","Montserrado","Association of Evangelicals of Liberia","WASH in Community","LBR11","International NGO"
"Liberia","Montserrado","Association of Evangelicals of Liberia","WASH in Community","LBR11","International NGO"
"Liberia","Montserrado","Concern Aid International","WASH in Community","LBR11","International NGO"
"Liberia","Montserrado","Concern Worldwide","WASH in Community","LBR11","International NGO"
"Liberia","Montserrado","Concern Worldwide","WASH in Community","LBR11","International NGO"
"Liberia","Montserrado","Concern Worldwide","WASH in Health Facilities","LBR11","International NGO"
"Liberia","Montserrado","Concern Worldwide","WASH in School","LBR11","International NGO"
"Liberia","Montserrado","Equipping Youth to Help one Another","WASH in Community","LBR11","International NGO"
"Liberia","Montserrado","Equipping Youth to Help one Another","WASH in Community","LBR11","International NGO"
"Liberia","Montserrado","Equipping Youth to Help one Another","WASH in Community","LBR11","International NGO"
"Liberia","Montserrado","Equipping Youth to Help one Another","WASH in Community","LBR11","International NGO"
"Liberia","Montserrado","Equipping Youth to Help one Another","WASH in Community","LBR11","International NGO"
"Liberia","Montserrado","OXFAM","WASH in Community","LBR11","International NGO"
"Liberia","Montserrado","OXFAM","WASH in Community","LBR11","International NGO"
"Liberia","Montserrado","OXFAM","WASH in Community","LBR11","International NGO"
"Liberia","Montserrado","OXFAM","WASH in Community","LBR11","International NGO"
"Liberia","Montserrado","OXFAM","WASH in Health Facilities","LBR11","International NGO"
"Liberia","Montserrado","OXFAM","WASH in Health Facilities","LBR11","International NGO"
"Liberia","Montserrado","OXFAM","WASH in Health Facilities","LBR11","International NGO"
"Liberia","Montserrado","OXFAM","WASH in Health Facilities","LBR11","International NGO"
"Liberia","Montserrado","OXFAM","WASH in School","LBR11","International NGO"
"Liberia","Montserrado","OXFAM","WASH in School","LBR11","International NGO"
"Liberia","Montserrado","PLAN","WASH in Community","LBR11","International NGO"
"Liberia","Montserrado","PLAN","WASH in Community","LBR11","International NGO"
"Liberia","Montserrado","PLAN","WASH in Community","LBR11","International NGO"
"Liberia","Montserrado","PLAN","WASH in Community","LBR11","International NGO"
"Liberia","Montserrado","PLAN","WASH in Health Facilities","LBR11","International NGO"
"Liberia","Montserrado","PLAN","WASH in Health Facilities","LBR11","International NGO"
"Liberia","Montserrado","PLAN","WASH in Health Facilities","LBR11","International NGO"
"Liberia","Montserrado","PLAN","WASH in School","LBR11","International NGO"
"Liberia","Montserrado","PLAN","WASH in School","LBR11","International NGO"
"Liberia","Montserrado","PLAN","WASH in School","LBR11","International NGO"
"Liberia","Montserrado","Population Services International","WASH in Community","LBR11","International NGO"
"Liberia","Montserrado","TearFund","WASH in Community","LBR11","International NGO"
"Liberia","Montserrado","TearFund","WASH in Community","LBR11","International NGO"
"Liberia","Montserrado","TearFund","WASH in Community","LBR11","International NGO"
"Liberia","Montserrado","TearFund","WASH in Community","LBR11","International NGO"
"Liberia","Montserrado","TearFund","WASH in Community","LBR11","International NGO"
"Liberia","Montserrado","UN WOMEN","WASH in Community","LBR11","UN Agencies"
"Liberia","Montserrado","YC","WASH in Community","LBR11","International NGO"
"Liberia","Montserrado","ZOA","WASH in Community","LBR11","International NGO"
"Liberia","Montserrado","ZOA","WASH in School","LBR11","International NGO"
"Liberia","Montserrado","ZOA","WASH in Community","LBR11","International NGO"
"Liberia","Montserrado","ZOA","WASH in School","LBR11","International NGO"
"Liberia","Montserrado","UNICEF","WASH in Health Facilities","LBR11","UN Agencies"
"Liberia","Montserrado","Water Aid","WASH in Health Facilities","LBR11","International NGO"
"Liberia","Montserrado","WMI","WASH in Health Facilities","LBR11","International NGO"
"Liberia","Montserrado","Save the Children","WASH in School","LBR11","International NGO"
"Liberia","Nimba","OXFAM","WASH in Community","LBR12","International NGO"
"Liberia","Nimba","OXFAM","WASH in Community","LBR12","International NGO"
"Liberia","Nimba","OXFAM","WASH in Health Facilities","LBR12","International NGO"
"Liberia","Nimba","OXFAM","WASH in Health Facilities","LBR12","International NGO"
"Liberia","Nimba","OXFAM","WASH in Health Facilities","LBR12","International NGO"
"Liberia","Nimba","OXFAM","WASH in School","LBR12","International NGO"
"Liberia","Nimba","OXFAM","WASH in School","LBR12","International NGO"
"Liberia","Nimba","OXFAM","WASH in School","LBR12","International NGO"
"Liberia","Nimba","OXFAM","WASH in School","LBR12","International NGO"
"Liberia","Nimba","OXFAM","WASH in School","LBR12","International NGO"
"Liberia","Nimba","PLAN","WASH in Community","LBR12","International NGO"
"Liberia","Nimba","PLAN","WASH in Community","LBR12","International NGO"
"Liberia","Nimba","PLAN","WASH in Community","LBR12","International NGO"
"Liberia","Nimba","PLAN","WASH in Community","LBR12","International NGO"
"Liberia","Nimba","PLAN","WASH in Health Facilities","LBR12","International NGO"
"Liberia","Nimba","PLAN","WASH in School","LBR12","International NGO"
"Liberia","Nimba","Global Communities","WASH in Community","LBR12","International NGO"
"Liberia","Nimba","Global Communities","WASH in Health Facilities","LBR12","International NGO"
"Liberia","Nimba","WMI","WASH in Health Facilities","LBR12","International NGO"
"Liberia","River Ghee","Water Aid","WASH in Community","LBR13","International NGO"
"Liberia","River Ghee","Water Aid","WASH in School","LBR13","International NGO"
"Liberia","River Ghee","Water Aid","WASH in School","LBR13","International NGO"
"Liberia","River Ghee","UNICEF","WASH in Health Facilities","LBR13","UN Agencies"
"Liberia","River Ghee","UNICEF","WASH in Health Facilities","LBR13","UN Agencies"
"Liberia","River Ghee","SPIR","WASH in Health Facilities","LBR13","International NGO"
"Liberia","Rivercess","YC","WASH in Community","LBR14","International NGO"
"Liberia","Rivercess","Global Communities","WASH in Community","LBR14","International NGO"
"Liberia","Bomi","Action Contre la Faim","Social Mobilization For WASH Activity","LBR01","International NGO"
"Liberia","Bomi","PLAN","Social Mobilization For WASH Activity","LBR01","International NGO"
"Liberia","Bomi","YC","Social Mobilization For WASH Activity","LBR01","International NGO"
"Liberia","Bomi","Welt Hunger Hilfe","Social Mobilization For WASH Activity","LBR01","International NGO"
"Liberia","Bomi","ZOA","Social Mobilization For WASH Activity","LBR01","International NGO"
"Liberia","Bomi","Universal Outreach Foundation","Social Mobilization For WASH Activity","LBR01","International NGO"
"Liberia","Bomi","Global Communities","Training","LBR01","International NGO"
"Liberia","Bong","Universal Outreach Foundation","Social Mobilization For WASH Activity","LBR02","International NGO"
"Liberia","Bong","ZOA","Social Mobilization For WASH Activity","LBR02","International NGO"
"Liberia","Bong","UNICEF","Social Mobilization For WASH Activity","LBR02","UN Agencies"
"Liberia","Bong","Global Communities","Training","LBR02","International NGO"
"Liberia","Bong","PLAN","Social Mobilization For WASH Activity","LBR02","International NGO"
"Liberia","Gbarpolu","UNICEF","Social Mobilization For WASH Activity","LBR03","UN Agencies"
"Liberia","Gbarpolu","PLAN","Social Mobilization For WASH Activity","LBR03","International NGO"
"Liberia","Gbarpolu","Global Communities","Training","LBR03","International NGO"
"Liberia","Gbarpolu","Global Communities","Training","LBR03","International NGO"
"Liberia","Gbarpolu","Global Communities","Training","LBR03","International NGO"
"Liberia","Grand Bassa","PLAN","Social Mobilization For WASH Activity","LBR04","International NGO"
"Liberia","Grand Bassa","YC","Social Mobilization For WASH Activity","LBR04","International NGO"
"Liberia","Grand Bassa","Concern Worldwide","Social Mobilization For WASH Activity","LBR04","International NGO"
"Liberia","Grand Bassa","Universal Outreach Foundation","Social Mobilization For WASH Activity","LBR04","International NGO"
"Liberia","Grand Bassa","Global Communities","Training","LBR04","International NGO"
"Liberia","Grand Bassa","Global Communities","Training","LBR04","International NGO"
"Liberia","Grand Gedeh","Action Contre la Faim","Social Mobilization For WASH Activity","LBR06","International NGO"
"Liberia","Grand Gedeh","PLAN","Social Mobilization For WASH Activity","LBR06","International NGO"
"Liberia","Grand Gedeh","Water Aid","Social Mobilization For WASH Activity","LBR06","International NGO"
"Liberia","Grand Gedeh","UNICEF","Social Mobilization For WASH Activity","LBR06","UN Agencies"
"Liberia","Grand Gedeh","Global Communities","Training","LBR07","International NGO"
"Liberia","Grand Gedeh","Water Aid","Training","LBR07","International NGO"
"Liberia","Grand Gedeh","Water Aid","Training","LBR07","International NGO"
"Liberia","Grand Cape Mount","PLAN","Social Mobilization For WASH Activity","LBR05","International NGO"
"Liberia","Grand Cape Mount","Welt Hunger Hilfe","Social Mobilization For WASH Activity","LBR05","International NGO"
"Liberia","Grand Cape Mount","UNICEF","Social Mobilization For WASH Activity","LBR05","UN Agencies"
"Liberia","Grand Cape Mount","Global Communities","Training","LBR05","International NGO"
"Liberia","Grand Cape Mount","Global Communities","Training","LBR05","International NGO"
"Liberia","Grand Cape Mount","Global Communities","Training","LBR05","International NGO"
"Liberia","Grand Kru","UNICEF","Social Mobilization For WASH Activity","LBR07","UN Agencies"
"Liberia","Grand Kru","Global Communities","Training","LBR07","International NGO"
"Liberia","Grand Kru","Global Communities","Training","LBR07","International NGO"
"Liberia","Grand Kru","Global Communities","Training","LBR07","International NGO"
"Liberia","Lofa","Global Communities","Training","LBR08","International NGO"
"Liberia","Lofa","Global Communities","Training","LBR08","International NGO"
"Liberia","Lofa","Global Communities","Training","LBR08","International NGO"
"Liberia","Lofa","Global Communities","Training","LBR08","International NGO"
"Liberia","Lofa","Global Communities","Training","LBR08","International NGO"
"Liberia","Lofa","Global Communities","Training","LBR08","International NGO"
"Liberia","Lofa","UNICEF","Training","LBR08","UN Agencies"
"Liberia","Lofa","UNICEF","Training","LBR08","UN Agencies"
"Liberia","Lofa","UNICEF","Training","LBR08","UN Agencies"
"Liberia","Lofa","UNICEF","Training","LBR08","UN Agencies"
"Liberia","Lofa","UNICEF","Training","LBR08","UN Agencies"
"Liberia","Lofa","UNICEF","Training","LBR08","UN Agencies"
"Liberia","Lofa","PLAN","Social Mobilization For WASH Activity","LBR08","International NGO"
"Liberia","Lofa","Concern Worldwide","Social Mobilization For WASH Activity","LBR08","International NGO"
"Liberia","Lofa","Global Communities","Social Mobilization For WASH Activity","LBR08","International NGO"
"Liberia","Margibi","PLAN","Social Mobilization For WASH Activity","LBR09","International NGO"
"Liberia","Margibi","CIS","Social Mobilization For WASH Activity","LBR09","International NGO"
"Liberia","Margibi","Association of Evangelicals of Liberia","Social Mobilization For WASH Activity","LBR09","International NGO"
"Liberia","Margibi","Equipping Youth to Help one Another","Social Mobilization For WASH Activity","LBR09","International NGO"
"Liberia","Margibi","TearFund","Social Mobilization For WASH Activity","LBR09","International NGO"
"Liberia","Margibi","ZOA","Social Mobilization For WASH Activity","LBR09","International NGO"
"Liberia","Margibi","OXFAM","Social Mobilization For WASH Activity","LBR09","International NGO"
"Liberia","Margibi","Living Water International","Social Mobilization For WASH Activity","LBR09","International NGO"
"Liberia","Margibi","Water Aid","Social Mobilization For WASH Activity","LBR09","International NGO"
"Liberia","Margibi","Save the Children","Social Mobilization For WASH Activity","LBR09","International NGO"
"Liberia","Maryland","UNICEF","Social Mobilization For WASH Activity","LBR10","UN Agencies"
"Liberia","Maryland","PLAN","Social Mobilization For WASH Activity","LBR10","International NGO"
"Liberia","Maryland","ERS","Social Mobilization For WASH Activity","LBR10","International NGO"
"Liberia","Montserrado","PLAN","Social Mobilization For WASH Activity","LBR11","International NGO"
"Liberia","Montserrado","Action Contre la Faim","Social Mobilization For WASH Activity","LBR11","International NGO"
"Liberia","Montserrado","Association of Evangelicals of Liberia","Social Mobilization For WASH Activity","LBR11","International NGO"
"Liberia","Montserrado","Concern Worldwide","Social Mobilization For WASH Activity","LBR11","International NGO"
"Liberia","Montserrado","Equipping Youth to Help one Another","Social Mobilization For WASH Activity","LBR11","International NGO"
"Liberia","Montserrado","OXFAM","Social Mobilization For WASH Activity","LBR11","International NGO"
"Liberia","Montserrado","Population Services International","Social Mobilization For WASH Activity","LBR11","International NGO"
"Liberia","Montserrado","TearFund","Social Mobilization For WASH Activity","LBR11","International NGO"
"Liberia","Montserrado","ZOA","Social Mobilization For WASH Activity","LBR11","International NGO"
"Liberia","Montserrado","YC","Social Mobilization For WASH Activity","LBR11","International NGO"
"Liberia","Montserrado","Universal Outreach Foundation","Social Mobilization For WASH Activity","LBR11","International NGO"
"Liberia","Montserrado","Welt Hunger Hilfe","Social Mobilization For WASH Activity","LBR11","International NGO"
"Liberia","Nimba","TearFund","Social Mobilization For WASH Activity","LBR12","International NGO"
"Liberia","Nimba","Universal Outreach Foundation","Social Mobilization For WASH Activity","LBR12","International NGO"
"Liberia","Nimba","Global Communities","Social Mobilization For WASH Activity","LBR12","International NGO"
"Liberia","Nimba","PLAN","Social Mobilization For WASH Activity","LBR12","International NGO"
"Liberia","River Ghee","UNICEF","Social Mobilization For WASH Activity","LBR13","UN Agencies"
"Liberia","River Ghee","Welt Hunger Hilfe","Social Mobilization For WASH Activity","LBR13","International NGO"
"Liberia","River Ghee","Water Aid","Social Mobilization For WASH Activity","LBR13","International NGO"
"Liberia","River Ghee","PLAN","Social Mobilization For WASH Activity","LBR13","International NGO"
"Liberia","Rivercess","YC","Social Mobilization For WASH Activity","LBR14","International NGO"
"Liberia","Rivercess","PLAN","Social Mobilization For WASH Activity","LBR14","International NGO"
"Liberia","Sinoe","PLAN","Social Mobilization For WASH Activity","LBR15","International NGO"
"Liberia","Bomi","PLAN","Training","LBR01","International NGO"
"Liberia","Bomi","PLAN","Training","LBR01","International NGO"
"Liberia","Bomi","PLAN","Training","LBR01","International NGO"
"Liberia","Bomi","PLAN","Training","LBR01","International NGO"
"Liberia","Bong","Global Communities","Training","LBR02","International NGO"
"Liberia","Bong","Global Communities","Training","LBR02","International NGO"
"Liberia","Bong","Global Communities","Training","LBR02","International NGO"
"Liberia","Bong","Global Communities","Training","LBR02","International NGO"
"Liberia","Bong","Global Communities","Training","LBR02","International NGO"
"Liberia","Margibi","Global Communities","Training","LBR09","International NGO"
"Liberia","Margibi","Global Communities","Training","LBR09","International NGO"
"Liberia","Margibi","Global Communities","Training","LBR09","International NGO"
"Liberia","Margibi","Save the Children","Training","LBR09","International NGO"
"Liberia","Maryland","Global Communities","Training","LBR10","International NGO"
"Liberia","Maryland","Global Communities","Training","LBR10","International NGO"
"Liberia","Maryland","Global Communities","Training","LBR10","International NGO"
"Liberia","Maryland","Global Communities","Training","LBR10","International NGO"
"Liberia","Montserrado","Association of Evangelicals of Liberia","Training","LBR11","International NGO"
"Liberia","Montserrado","Association of Evangelicals of Liberia","Training","LBR11","International NGO"
"Liberia","Montserrado","Association of Evangelicals of Liberia","Training","LBR11","International NGO"
"Liberia","Montserrado","Association of Evangelicals of Liberia","Training","LBR11","International NGO"
"Liberia","Montserrado","Association of Evangelicals of Liberia","Training","LBR11","International NGO"
"Liberia","Montserrado","Equipping Youth to Help one Another","Training","LBR11","International NGO"
"Liberia","Montserrado","Equipping Youth to Help one Another","Training","LBR11","International NGO"
"Liberia","Montserrado","Equipping Youth to Help one Another","Training","LBR11","International NGO"
"Liberia","Montserrado","Equipping Youth to Help one Another","Training","LBR11","International NGO"
"Liberia","Montserrado","Equipping Youth to Help one Another","Training","LBR11","International NGO"
"Liberia","Montserrado","TearFund","Training","LBR11","International NGO"
"Liberia","Montserrado","TearFund","Training","LBR11","International NGO"
"Liberia","Montserrado","TearFund","Training","LBR11","International NGO"
"Liberia","Montserrado","TearFund","Training","LBR11","International NGO"
"Liberia","Montserrado","TearFund","Training","LBR11","International NGO"
